city,country,url,location,temp_f,temp_c,condition,feels_like_f,forecast_high_f,forecast_low_f,wind_mph,wind_from,humidity_pct,pressure_hg,visibility_mi,dew_point_f,current_time_local,latest_report_local,scraped_at
Accra,Ghana,https://www.timeanddate.com/weather/ghana/accra,Accra Airport,77,25.0,Mostly cloudy.,78,82,76,10,Southwest,89,29.89,,73,2026-08-26 01:42:17,2026-08-26 01:00:00,2026-08-26 01:42:04+00:00
Edmonton,Canada,https://www.timeanddate.com/weather/canada/edmonton,Edmonton International,75,23.9,Passing clouds.,78,82,56,8,South,47,30.14,20,54,2026-08-25 19:42:39,2026-08-25 19:00:00,2026-08-26 01:42:04+00:00
Nassau,Bahamas,https://www.timeanddate.com/weather/bahamas/nassau,Nassau Airport,84,28.9,Thundershowers. Passing clouds.,94,91,80,3,Southeast,79,30.06,,77,2026-08-25 21:42:48,2026-08-25 21:00:00,2026-08-26 01:42:04+00:00
Addis Ababa,Ethiopia,https://www.timeanddate.com/weather/ethiopia/addis-ababa,Addis Ababa Airport,59,15.0,Passing clouds.,59,73,52,2,Northwest,94,30.33,,57,2026-08-26 04:42:57,2026-08-26 04:00:00,2026-08-26 01:42:04+00:00
Frankfurt,Germany,https://www.timeanddate.com/weather/germany/frankfurt,Frankfurt-M-Flughafen Airport,61,16.1,Passing clouds.,61,86,63,5,North,88,30.01,,57,2026-08-26 03:43:06,2026-08-26 03:20:00,2026-08-26 01:42:04+00:00
New Delhi,India,https://www.timeanddate.com/weather/india/new-delhi,New Delhi / Safdarjung,81,27.2,Fog.,90,99,80,0,,98,29.61,1,80,2026-08-26 07:13:15,2026-08-26 05:30:00,2026-08-26 01:42:04+00:00
Adelaide,Australia,https://www.timeanddate.com/weather/australia/adelaide,Westbourne Park - MADIS Station,58,14.4,Cool.,58,65,45,0,,78,30.24,,51,2026-08-26 11:13:24,2026-08-26 10:25:00,2026-08-26 01:42:04+00:00
Guatemala City,Guatemala,https://www.timeanddate.com/weather/guatemala/guatemala,Guatemala Aeropuertola Aurora,72,22.2,Rain. Overcast.,75,79,59,21,North,69,30.18,,61,2026-08-25 19:43:33,2026-08-25 19:30:00,2026-08-26 01:42:04+00:00
New Orleans,Usa,https://www.timeanddate.com/weather/usa/new-orleans,Lakefront Airport,81,27.2,Clear.,87,93,77,13,Southwest,85,29.97,10,76,2026-08-25 20:43:42,2026-08-25 19:53:00,2026-08-26 01:42:04+00:00
Algiers,Algeria,https://www.timeanddate.com/weather/algeria/algiers,Alger-Port,82,27.8,Passing clouds.,91,89,74,0,,89,29.89,6,78,2026-08-26 02:43:52,2026-08-26 01:00:00,2026-08-26 01:42:04+00:00
Halifax,Canada,https://www.timeanddate.com/weather/canada/halifax,Halifax International Airport,64,17.8,Passing clouds.,64,75,61,8,South,100,29.93,15,64,2026-08-25 22:44:01,2026-08-25 22:00:00,2026-08-26 01:42:04+00:00
New York,Usa,https://www.timeanddate.com/weather/usa/new-york,New York City - Central Park,73,22.8,Clear.,76,82,65,0,,62,30.01,10,59,2026-08-25 21:44:11,2026-08-25 20:51:00,2026-08-26 01:42:04+00:00
Almaty,Kazakstan,https://www.timeanddate.com/weather/kazakstan/almaty,Almaty Airport,59,15.0,Clear.,59,85,56,1,South,77,30.09,,52,2026-08-26 06:44:20,2026-08-26 06:00:00,2026-08-26 01:42:04+00:00
Hanoi,Vietnam,https://www.timeanddate.com/weather/vietnam/hanoi,Ha Noi Airport,82,27.8,Scattered clouds.,94,90,80,2,North,94,29.59,5,81,2026-08-26 08:44:28,2026-08-26 08:00:00,2026-08-26 01:42:04+00:00
Oslo,Norway,https://www.timeanddate.com/weather/norway/oslo,Oslo Gardermoen Airport,52,11.1,Clear.,52,73,56,2,North,82,30.27,10,46,2026-08-26 03:44:38,2026-08-26 03:20:00,2026-08-26 01:42:04+00:00
Amman,Jordan,https://www.timeanddate.com/weather/jordan/amman,Amman Airport,79,26.1,Clear.,79,95,71,5,Southwest,37,29.95,5,50,2026-08-26 04:44:48,2026-08-26 04:00:00,2026-08-26 01:42:04+00:00
Harare,Zimbabwe,https://www.timeanddate.com/weather/zimbabwe/harare,Harare Kutsaga,63,17.2,Clear.,63,78,49,4,Southeast,27,,9,29,2026-08-26 03:44:57,2026-08-25 20:00:00,2026-08-26 01:42:04+00:00
Ottawa,Canada,https://www.timeanddate.com/weather/canada/ottawa,Ottawa Int'L. Ont.,64,17.8,Passing clouds.,64,78,56,3,Southwest,83,30.02,15,59,2026-08-25 21:45:06,2026-08-25 21:00:00,2026-08-26 01:42:04+00:00
Amsterdam,Netherlands,https://www.timeanddate.com/weather/netherlands/amsterdam,Amsterdam Schiphol Airport,57,13.9,Clear.,56,82,63,6,East,82,29.98,10,52,2026-08-26 03:45:15,2026-08-26 02:55:00,2026-08-26 01:42:04+00:00
Havana,Cuba,https://www.timeanddate.com/weather/cuba/havana,Aeropuerto Jose Marti - Rancho-Boyeros - Habana,75,23.9,Passing clouds.,74,91,76,2,East,94,30.01,5,73,2026-08-25 21:45:24,2026-08-25 20:50:00,2026-08-26 01:42:04+00:00
Paris,France,https://www.timeanddate.com/weather/france/paris,Villacoublay,66,18.9,Passing clouds.,66,81,65,3,South,88,29.92,,63,2026-08-26 03:45:32,2026-08-26 03:00:00,2026-08-26 01:42:04+00:00
Anadyr,Russia,https://www.timeanddate.com/weather/russia/anadyr,Anadyr,45,7.2,Partly sunny.,37,54,36,18,Northwest,61,29.96,31,32,2026-08-26 13:45:42,2026-08-26 12:00:00,2026-08-26 01:42:04+00:00
Helsinki,Finland,https://www.timeanddate.com/weather/finland/helsinki,Helsinki-Vantaa,52,11.1,Passing clouds.,51,65,57,3,Northwest,94,30.18,,50,2026-08-26 04:45:51,2026-08-26 04:20:00,2026-08-26 01:42:04+00:00
Perth,Australia,https://www.timeanddate.com/weather/australia/perth,Belmont Perth Airport,61,16.1,Partly sunny.,61,60,52,7,North,83,29.98,,55,2026-08-26 09:46:00,2026-08-26 09:00:00,2026-08-26 01:42:04+00:00
Anchorage,Usa,https://www.timeanddate.com/weather/usa/anchorage,Lake Hood Seaplane,62,16.7,Overcast.,62,61,47,16,South,65,29.81,10,50,2026-08-25 17:46:09,2026-08-25 16:53:00,2026-08-26 01:42:04+00:00
Hong Kong,Hong Kong,https://www.timeanddate.com/weather/hong-kong/hong-kong,Hong Kong International Airport,84,28.9,Rain. Scattered clouds.,94,89,82,10,Southeast,79,29.65,,77,2026-08-26 09:46:18,2026-08-26 09:04:00,2026-08-26 01:42:04+00:00
Philadelphia,Usa,https://www.timeanddate.com/weather/usa/philadelphia,Philadelphia International Airport,77,25.0,Passing clouds.,79,85,62,9,Northwest,58,30.04,10,61,2026-08-25 21:46:26,2026-08-25 20:54:00,2026-08-26 01:42:04+00:00
Ankara,Turkey,https://www.timeanddate.com/weather/turkey/ankara,Ankara / Esenboga,63,17.2,Clear.,63,91,66,5,East,56,30.09,10,46,2026-08-26 04:46:35,2026-08-26 04:20:00,2026-08-26 01:42:04+00:00
Honolulu,Usa,https://www.timeanddate.com/weather/usa/honolulu,Honolulu International Airport,88,31.1,Scattered clouds.,92,85,75,22,East,52,29.95,10,68,2026-08-25 15:46:44,2026-08-25 14:53:00,2026-08-26 01:42:04+00:00
Phoenix,Usa,https://www.timeanddate.com/weather/usa/phoenix,Phoenix Sky Harbor International Airport,113,45.0,Passing clouds.,108,115,89,5,North,11,29.67,10,46,2026-08-25 18:46:53,2026-08-25 17:51:00,2026-08-26 01:42:04+00:00
Antananarivo,Madagascar,https://www.timeanddate.com/weather/madagascar/antananarivo,Antananarivo / Ivato,50,10.0,Passing clouds.,50,79,48,0,,100,30.24,,50,2026-08-26 04:47:02,2026-08-26 04:00:00,2026-08-26 01:42:04+00:00
Houston,Usa,https://www.timeanddate.com/weather/usa/houston,Houston Hobby Airport,90,32.2,Passing clouds.,100,100,80,10,South,61,29.96,10,75,2026-08-25 20:47:11,2026-08-25 19:53:00,2026-08-26 01:42:04+00:00
Prague,Czech Republic,https://www.timeanddate.com/weather/czech-republic/prague,Václav Havel Airport Prague,57,13.9,Clear.,57,81,57,5,East,88,30.04,10,54,2026-08-26 03:47:20,2026-08-26 03:00:00,2026-08-26 01:42:04+00:00
Asuncion,Paraguay,https://www.timeanddate.com/weather/paraguay/asuncion,Asuncion / Aeropuerto,70,21.1,Clear.,70,91,63,6,Southeast,73,29.83,4,61,2026-08-25 22:47:29,2026-08-25 22:00:00,2026-08-26 01:42:04+00:00
Indianapolis,Usa,https://www.timeanddate.com/weather/usa/indianapolis,Indianapolis Indianapolis International Airport,75,23.9,Scattered clouds.,78,84,59,16,South,54,30.05,10,57,2026-08-25 21:47:38,2026-08-25 19:54:00,2026-08-26 01:42:04+00:00
Reykjavik,Iceland,https://www.timeanddate.com/weather/iceland/reykjavik,Reykjavik Airport,46,7.8,Passing clouds.,44,54,41,5,Southeast,87,30.07,,43,2026-08-26 01:47:47,2026-08-26 01:00:00,2026-08-26 01:42:04+00:00
Athens,Greece,https://www.timeanddate.com/weather/greece/athens,Athinai Airport,81,27.2,Warm.,81,96,78,0,,50,29.91,,60,2026-08-26 04:47:56,2026-08-26 03:00:00,2026-08-26 01:42:04+00:00
Islamabad,Pakistan,https://www.timeanddate.com/weather/pakistan/islamabad,Islamabad Airport,79,26.1,Clear.,82,96,75,9,Northeast,85,29.63,,74,2026-08-26 06:48:05,2026-08-26 05:00:00,2026-08-26 01:42:04+00:00
Rio de Janeiro,Brazil,https://www.timeanddate.com/weather/brazil/rio-de-janeiro,Rio De Janeiro Airport,70,21.1,Mostly cloudy.,70,74,69,5,Northeast,83,30.04,,64,2026-08-25 22:48:14,2026-08-25 22:00:00,2026-08-26 01:42:04+00:00
Atlanta,Usa,https://www.timeanddate.com/weather/usa/atlanta,Fulton County Airport-Brown Field,81,27.2,Clear.,82,90,69,5,North,51,29.99,10,61,2026-08-25 21:48:23,2026-08-25 20:53:00,2026-08-26 01:42:04+00:00
Istanbul,Turkey,https://www.timeanddate.com/weather/turkey/istanbul,Istanbul Ataturk Airport,73,22.8,Clear.,74,86,71,7,Northeast,78,29.92,10,66,2026-08-26 04:48:32,2026-08-26 03:50:00,2026-08-26 01:42:04+00:00
Riyadh,Saudi Arabia,https://www.timeanddate.com/weather/saudi-arabia/riyadh,King Khaled International Airport,88,31.1,Clear.,84,112,80,3,Northwest,12,29.77,10,28,2026-08-26 04:48:49,2026-08-26 04:00:00,2026-08-26 01:42:04+00:00
Auckland,New Zealand,https://www.timeanddate.com/weather/new-zealand/auckland,Auckland Airport,64,17.8,Clear.,64,64,50,16,West,64,30.33,,52,2026-08-26 13:48:58,2026-08-26 13:00:00,2026-08-26 01:42:04+00:00
Jakarta,Indonesia,https://www.timeanddate.com/weather/indonesia/jakarta,Jakarta / Soekarno-Hatta,84,28.9,Scattered clouds.,89,92,75,11,East,66,29.98,5,71,2026-08-26 08:49:07,2026-08-26 08:00:00,2026-08-26 01:42:04+00:00
Rome,Italy,https://www.timeanddate.com/weather/italy/rome,Rome / Ciampino,77,25.0,Clear.,79,97,69,3,Southeast,65,29.98,10,64,2026-08-26 03:49:16,2026-08-26 03:20:00,2026-08-26 01:42:04+00:00
Baghdad,Iraq,https://www.timeanddate.com/weather/iraq/baghdad,Baghdad,94,34.4,Clear.,92,117,92,11,Northwest,24,29.62,6,52,2026-08-26 04:49:25,2026-08-26 00:00:00,2026-08-26 01:42:04+00:00
Jerusalem,Israel,https://www.timeanddate.com/weather/israel/jerusalem,Khallat Ḩamāmah - MADIS Station,74,23.3,Mild.,77,91,70,1,Northwest,32,27.11,,42,2026-08-26 04:49:34,2026-08-26 03:59:00,2026-08-26 01:42:04+00:00
Salt Lake City,Usa,https://www.timeanddate.com/weather/usa/salt-lake-city,Salt Lake City International Airport,92,33.3,Scattered clouds.,89,95,72,5,North,22,29.93,10,48,2026-08-25 19:49:43,2026-08-25 18:54:00,2026-08-26 01:42:04+00:00
Bangkok,Thailand,https://www.timeanddate.com/weather/thailand/bangkok,Don Muang Airport,82,27.8,Scattered clouds.,88,91,81,12,Southwest,74,29.8,,73,2026-08-26 08:49:52,2026-08-26 08:00:00,2026-08-26 01:42:04+00:00
Johannesburg,South Africa,https://www.timeanddate.com/weather/south-africa/johannesburg,O.R. Tambo International Airport,58,14.4,Clear.,57,68,48,7,West,25,,25,22,2026-08-26 03:50:01,2026-08-26 02:00:00,2026-08-26 01:42:04+00:00
