city,country,url,temp,condition,feels_like,forecast_hi_lo,wind,location,current_time,latest_report,visibility,pressure,humidity,dew_point,scraped_at
Accra,ghana,https://www.timeanddate.com/weather/ghana/accra,77 °F,Mostly cloudy.,78 °F,82 / 76 °F,10 mph ↑ from Southwest,Accra Airport,"Aug 26, 2026 at 1:42:17 am","Aug 26, 2026 at 1:00 am",N/A,"29.89 ""Hg",89%,73 °F,2026-08-26T01:42:04+00:00
Edmonton,canada,https://www.timeanddate.com/weather/canada/edmonton,75 °F,Passing clouds.,78 °F,82 / 56 °F,8 mph ↑ from South,Edmonton International,"Aug 25, 2026 at 7:42:39 pm","Aug 25, 2026 at 7:00 pm",20 mi,"30.14 ""Hg (27.83 ""Hg at 692m altitude)",47%,54 °F,2026-08-26T01:42:04+00:00
Nassau,bahamas,https://www.timeanddate.com/weather/bahamas/nassau,84 °F,Thundershowers. Passing clouds.,94 °F,91 / 80 °F,3 mph ↑ from Southeast,Nassau Airport,"Aug 25, 2026 at 9:42:48 pm","Aug 25, 2026 at 9:00 pm",N/A,"30.06 ""Hg",79%,77 °F,2026-08-26T01:42:04+00:00
Addis Ababa,ethiopia,https://www.timeanddate.com/weather/ethiopia/addis-ababa,59 °F,Passing clouds.,59 °F,73 / 52 °F,2 mph ↑ from Northwest,Addis Ababa Airport,"Aug 26, 2026 at 4:42:57 am","Aug 26, 2026 at 4:00 am",N/A,"30.33 ""Hg (22.94 ""Hg at 2354m altitude)",94%,57 °F,2026-08-26T01:42:04+00:00
Frankfurt,germany,https://www.timeanddate.com/weather/germany/frankfurt,61 °F,Passing clouds.,61 °F,86 / 63 °F,5 mph ↑ from North,Frankfurt-M-Flughafen Airport,"Aug 26, 2026 at 3:43:06 am","Aug 26, 2026 at 3:20 am",N/A,"30.01 ""Hg",88%,57 °F,2026-08-26T01:42:04+00:00
New Delhi,india,https://www.timeanddate.com/weather/india/new-delhi,81 °F,Fog.,90 °F,99 / 80 °F,No wind,New Delhi / Safdarjung,"Aug 26, 2026 at 7:13:15 am","Aug 26, 2026 at 5:30 am",1 mi,"29.61 ""Hg",98%,80 °F,2026-08-26T01:42:04+00:00
Adelaide,australia,https://www.timeanddate.com/weather/australia/adelaide,58 °F,Cool.,58 °F,65 / 45 °F,No wind,Westbourne Park - MADIS Station,"Aug 26, 2026 at 11:13:24 am","Aug 26, 2026 at 10:25 am",N/A,"30.24 ""Hg",78%,51 °F,2026-08-26T01:42:04+00:00
Guatemala City,guatemala,https://www.timeanddate.com/weather/guatemala/guatemala,72 °F,Rain. Overcast.,75 °F,79 / 59 °F,21 mph ↑ from North,Guatemala Aeropuertola Aurora,"Aug 25, 2026 at 7:43:33 pm","Aug 25, 2026 at 7:30 pm",N/A,"30.18 ""Hg (25.27 ""Hg at 1533m altitude)",69%,61 °F,2026-08-26T01:42:04+00:00
New Orleans,usa,https://www.timeanddate.com/weather/usa/new-orleans,81 °F,Clear.,87 °F,93 / 77 °F,13 mph ↑ from Southwest,Lakefront Airport,"Aug 25, 2026 at 8:43:42 pm","Aug 25, 2026 at 7:53 pm",10 mi,"29.97 ""Hg",85%,76 °F,2026-08-26T01:42:04+00:00
Algiers,algeria,https://www.timeanddate.com/weather/algeria/algiers,82 °F,Passing clouds.,91 °F,89 / 74 °F,No wind,Alger-Port,"Aug 26, 2026 at 2:43:52 am","Aug 26, 2026 at 1:00 am",6 mi,"29.89 ""Hg",89%,78 °F,2026-08-26T01:42:04+00:00
Halifax,canada,https://www.timeanddate.com/weather/canada/halifax,64 °F,Passing clouds.,64 °F,75 / 61 °F,8 mph ↑ from South,Halifax International Airport,"Aug 25, 2026 at 10:44:01 pm","Aug 25, 2026 at 10:00 pm",15 mi,"29.93 ""Hg",100%,64 °F,2026-08-26T01:42:04+00:00
New York,usa,https://www.timeanddate.com/weather/usa/new-york,73 °F,Clear.,76 °F,82 / 65 °F,No wind,New York City - Central Park,"Aug 25, 2026 at 9:44:11 pm","Aug 25, 2026 at 8:51 pm",10 mi,"30.01 ""Hg",62%,59 °F,2026-08-26T01:42:04+00:00
Almaty,kazakstan,https://www.timeanddate.com/weather/kazakstan/almaty,59 °F,Clear.,59 °F,85 / 56 °F,1 mph ↑ from South,Almaty Airport,"Aug 26, 2026 at 6:44:20 am","Aug 26, 2026 at 6:00 am",N/A,"30.09 ""Hg (27.40 ""Hg at 790m altitude)",77%,52 °F,2026-08-26T01:42:04+00:00
Hanoi,vietnam,https://www.timeanddate.com/weather/vietnam/hanoi,82 °F,Scattered clouds.,94 °F,90 / 80 °F,2 mph ↑ from North,Ha Noi Airport,"Aug 26, 2026 at 8:44:28 am","Aug 26, 2026 at 8:00 am",5 mi,"29.59 ""Hg",94%,81 °F,2026-08-26T01:42:04+00:00
Oslo,norway,https://www.timeanddate.com/weather/norway/oslo,52 °F,Clear.,52 °F,73 / 56 °F,2 mph ↑ from North,Oslo Gardermoen Airport,"Aug 26, 2026 at 3:44:38 am","Aug 26, 2026 at 3:20 am",10 mi,"30.27 ""Hg",82%,46 °F,2026-08-26T01:42:04+00:00
Amman,jordan,https://www.timeanddate.com/weather/jordan/amman,79 °F,Clear.,79 °F,95 / 71 °F,5 mph ↑ from Southwest,Amman Airport,"Aug 26, 2026 at 4:44:48 am","Aug 26, 2026 at 4:00 am",5 mi,"29.95 ""Hg (27.28 ""Hg at 816m altitude)",37%,50 °F,2026-08-26T01:42:04+00:00
Harare,zimbabwe,https://www.timeanddate.com/weather/zimbabwe/harare,63 °F,Clear.,63 °F,78 / 49 °F,4 mph ↑ from Southeast,Harare Kutsaga,"Aug 26, 2026 at 3:44:57 am","Aug 25, 2026 at 8:00 pm",9 mi,N/A,27%,29 °F,2026-08-26T01:42:04+00:00
Ottawa,canada,https://www.timeanddate.com/weather/canada/ottawa,64 °F,Passing clouds.,64 °F,78 / 56 °F,3 mph ↑ from Southwest,Ottawa Int'L. Ont.,"Aug 25, 2026 at 9:45:06 pm","Aug 25, 2026 at 9:00 pm",15 mi,"30.02 ""Hg",83%,59 °F,2026-08-26T01:42:04+00:00
Amsterdam,netherlands,https://www.timeanddate.com/weather/netherlands/amsterdam,57 °F,Clear.,56 °F,82 / 63 °F,6 mph ↑ from East,Amsterdam Schiphol Airport,"Aug 26, 2026 at 3:45:15 am","Aug 26, 2026 at 2:55 am",10 mi,"29.98 ""Hg",82%,52 °F,2026-08-26T01:42:04+00:00
Havana,cuba,https://www.timeanddate.com/weather/cuba/havana,75 °F,Passing clouds.,74 °F,91 / 76 °F,2 mph ↑ from East,Aeropuerto Jose Marti - Rancho-Boyeros - Habana,"Aug 25, 2026 at 9:45:24 pm","Aug 25, 2026 at 8:50 pm",5 mi,"30.01 ""Hg",94%,73 °F,2026-08-26T01:42:04+00:00
Paris,france,https://www.timeanddate.com/weather/france/paris,66 °F,Passing clouds.,66 °F,81 / 65 °F,3 mph ↑ from South,Villacoublay,"Aug 26, 2026 at 3:45:32 am","Aug 26, 2026 at 3:00 am",N/A,"29.92 ""Hg",88%,63 °F,2026-08-26T01:42:04+00:00
Anadyr,russia,https://www.timeanddate.com/weather/russia/anadyr,45 °F,Partly sunny.,37 °F,54 / 36 °F,18 mph ↑ from Northwest,Anadyr,"Aug 26, 2026 at 1:45:42 pm","Aug 26, 2026 at 12:00 pm",31 mi,"29.96 ""Hg",61%,32 °F,2026-08-26T01:42:04+00:00
Helsinki,finland,https://www.timeanddate.com/weather/finland/helsinki,52 °F,Passing clouds.,51 °F,65 / 57 °F,3 mph ↑ from Northwest,Helsinki-Vantaa,"Aug 26, 2026 at 4:45:51 am","Aug 26, 2026 at 4:20 am",N/A,"30.18 ""Hg",94%,50 °F,2026-08-26T01:42:04+00:00
Perth,australia,https://www.timeanddate.com/weather/australia/perth,61 °F,Partly sunny.,61 °F,60 / 52 °F,7 mph ↑ from North,Belmont Perth Airport,"Aug 26, 2026 at 9:46:00 am","Aug 26, 2026 at 9:00 am",N/A,"29.98 ""Hg",83%,55 °F,2026-08-26T01:42:04+00:00
Anchorage,usa,https://www.timeanddate.com/weather/usa/anchorage,62 °F,Overcast.,62 °F,61 / 47 °F,16 mph ↑ from South,Lake Hood Seaplane,"Aug 25, 2026 at 5:46:09 pm","Aug 25, 2026 at 4:53 pm",10 mi,"29.81 ""Hg",65%,50 °F,2026-08-26T01:42:04+00:00
Hong Kong,hong-kong,https://www.timeanddate.com/weather/hong-kong/hong-kong,84 °F,Rain. Scattered clouds.,94 °F,89 / 82 °F,10 mph ↑ from Southeast,Hong Kong International Airport,"Aug 26, 2026 at 9:46:18 am","Aug 26, 2026 at 9:04 am",N/A,"29.65 ""Hg",79%,77 °F,2026-08-26T01:42:04+00:00
Philadelphia,usa,https://www.timeanddate.com/weather/usa/philadelphia,77 °F,Passing clouds.,79 °F,85 / 62 °F,9 mph ↑ from Northwest,Philadelphia International Airport,"Aug 25, 2026 at 9:46:26 pm","Aug 25, 2026 at 8:54 pm",10 mi,"30.04 ""Hg",58%,61 °F,2026-08-26T01:42:04+00:00
Ankara,turkey,https://www.timeanddate.com/weather/turkey/ankara,63 °F,Clear.,63 °F,91 / 66 °F,5 mph ↑ from East,Ankara / Esenboga,"Aug 26, 2026 at 4:46:35 am","Aug 26, 2026 at 4:20 am",10 mi,"30.09 ""Hg (27.16 ""Hg at 871m altitude)",56%,46 °F,2026-08-26T01:42:04+00:00
Honolulu,usa,https://www.timeanddate.com/weather/usa/honolulu,88 °F,Scattered clouds.,92 °F,85 / 75 °F,22 mph ↑ from East,Honolulu International Airport,"Aug 25, 2026 at 3:46:44 pm","Aug 25, 2026 at 2:53 pm",10 mi,"29.95 ""Hg",52%,68 °F,2026-08-26T01:42:04+00:00
Phoenix,usa,https://www.timeanddate.com/weather/usa/phoenix,113 °F,Passing clouds.,108 °F,115 / 89 °F,5 mph ↑ from North,Phoenix Sky Harbor International Airport,"Aug 25, 2026 at 6:46:53 pm","Aug 25, 2026 at 5:51 pm",10 mi,"29.67 ""Hg",11%,46 °F,2026-08-26T01:42:04+00:00
Antananarivo,madagascar,https://www.timeanddate.com/weather/madagascar/antananarivo,50 °F,Passing clouds.,50 °F,79 / 48 °F,No wind,Antananarivo / Ivato,"Aug 26, 2026 at 4:47:02 am","Aug 26, 2026 at 4:00 am",N/A,"30.24 ""Hg (25.89 ""Hg at 1287m altitude)",100%,50 °F,2026-08-26T01:42:04+00:00
Houston,usa,https://www.timeanddate.com/weather/usa/houston,90 °F,Passing clouds.,100 °F,100 / 80 °F,10 mph ↑ from South,Houston Hobby Airport,"Aug 25, 2026 at 8:47:11 pm","Aug 25, 2026 at 7:53 pm",10 mi,"29.96 ""Hg",61%,75 °F,2026-08-26T01:42:04+00:00
Prague,czech-republic,https://www.timeanddate.com/weather/czech-republic/prague,57 °F,Clear.,57 °F,81 / 57 °F,5 mph ↑ from East,Václav Havel Airport Prague,"Aug 26, 2026 at 3:47:20 am","Aug 26, 2026 at 3:00 am",10 mi,"30.04 ""Hg",88%,54 °F,2026-08-26T01:42:04+00:00
Asuncion,paraguay,https://www.timeanddate.com/weather/paraguay/asuncion,70 °F,Clear.,70 °F,91 / 63 °F,6 mph ↑ from Southeast,Asuncion / Aeropuerto,"Aug 25, 2026 at 10:47:29 pm","Aug 25, 2026 at 10:00 pm",4 mi,"29.83 ""Hg",73%,61 °F,2026-08-26T01:42:04+00:00
Indianapolis,usa,https://www.timeanddate.com/weather/usa/indianapolis,75 °F,Scattered clouds.,78 °F,84 / 59 °F,16 mph ↑ from South,Indianapolis Indianapolis International Airport,"Aug 25, 2026 at 9:47:38 pm","Aug 25, 2026 at 7:54 pm",10 mi,"30.05 ""Hg",54%,57 °F,2026-08-26T01:42:04+00:00
Reykjavik,iceland,https://www.timeanddate.com/weather/iceland/reykjavik,46 °F,Passing clouds.,44 °F,54 / 41 °F,5 mph ↑ from Southeast,Reykjavik Airport,"Aug 26, 2026 at 1:47:47 am","Aug 26, 2026 at 1:00 am",N/A,"30.07 ""Hg",87%,43 °F,2026-08-26T01:42:04+00:00
Athens,greece,https://www.timeanddate.com/weather/greece/athens,81 °F,Warm.,81 °F,96 / 78 °F,No wind,Athinai Airport,"Aug 26, 2026 at 4:47:56 am","Aug 26, 2026 at 3:00 am",N/A,"29.91 ""Hg",50%,60 °F,2026-08-26T01:42:04+00:00
Islamabad,pakistan,https://www.timeanddate.com/weather/pakistan/islamabad,79 °F,Clear.,82 °F,96 / 75 °F,9 mph ↑ from Northeast,Islamabad Airport,"Aug 26, 2026 at 6:48:05 am","Aug 26, 2026 at 5:00 am",N/A,"29.63 ""Hg (27.82 ""Hg at 554m altitude)",85%,74 °F,2026-08-26T01:42:04+00:00
Rio de Janeiro,brazil,https://www.timeanddate.com/weather/brazil/rio-de-janeiro,70 °F,Mostly cloudy.,70 °F,74 / 69 °F,5 mph ↑ from Northeast,Rio De Janeiro Airport,"Aug 25, 2026 at 10:48:14 pm","Aug 25, 2026 at 10:00 pm",N/A,"30.04 ""Hg",83%,64 °F,2026-08-26T01:42:04+00:00
Atlanta,usa,https://www.timeanddate.com/weather/usa/atlanta,81 °F,Clear.,82 °F,90 / 69 °F,5 mph ↑ from North,Fulton County Airport-Brown Field,"Aug 25, 2026 at 9:48:23 pm","Aug 25, 2026 at 8:53 pm",10 mi,"29.99 ""Hg",51%,61 °F,2026-08-26T01:42:04+00:00
Istanbul,turkey,https://www.timeanddate.com/weather/turkey/istanbul,73 °F,Clear.,74 °F,86 / 71 °F,7 mph ↑ from Northeast,Istanbul Ataturk Airport,"Aug 26, 2026 at 4:48:32 am","Aug 26, 2026 at 3:50 am",10 mi,"29.92 ""Hg",78%,66 °F,2026-08-26T01:42:04+00:00
Riyadh,saudi-arabia,https://www.timeanddate.com/weather/saudi-arabia/riyadh,88 °F,Clear.,84 °F,112 / 80 °F,3 mph ↑ from Northwest,King Khaled International Airport,"Aug 26, 2026 at 4:48:49 am","Aug 26, 2026 at 4:00 am",10 mi,"29.77 ""Hg (27.86 ""Hg at 590m altitude)",12%,28 °F,2026-08-26T01:42:04+00:00
Auckland,new-zealand,https://www.timeanddate.com/weather/new-zealand/auckland,64 °F,Clear.,64 °F,64 / 50 °F,16 mph ↑ from West,Auckland Airport,"Aug 26, 2026 at 1:48:58 pm","Aug 26, 2026 at 1:00 pm",N/A,"30.33 ""Hg",64%,52 °F,2026-08-26T01:42:04+00:00
Jakarta,indonesia,https://www.timeanddate.com/weather/indonesia/jakarta,84 °F,Scattered clouds.,89 °F,92 / 75 °F,11 mph ↑ from East,Jakarta / Soekarno-Hatta,"Aug 26, 2026 at 8:49:07 am","Aug 26, 2026 at 8:00 am",5 mi,"29.98 ""Hg",66%,71 °F,2026-08-26T01:42:04+00:00
Rome,italy,https://www.timeanddate.com/weather/italy/rome,77 °F,Clear.,79 °F,97 / 69 °F,3 mph ↑ from Southeast,Rome / Ciampino,"Aug 26, 2026 at 3:49:16 am","Aug 26, 2026 at 3:20 am",10 mi,"29.98 ""Hg",65%,64 °F,2026-08-26T01:42:04+00:00
Baghdad,iraq,https://www.timeanddate.com/weather/iraq/baghdad,94 °F,Clear.,92 °F,117 / 92 °F,11 mph ↑ from Northwest,Baghdad,"Aug 26, 2026 at 4:49:25 am","Aug 26, 2026 at 12:00 am",6 mi,"29.62 ""Hg",24%,52 °F,2026-08-26T01:42:04+00:00
Jerusalem,israel,https://www.timeanddate.com/weather/israel/jerusalem,74 °F,Mild.,77 °F,91 / 70 °F,1 mph ↑ from Northwest,Khallat Ḩamāmah - MADIS Station,"Aug 26, 2026 at 4:49:34 am","Aug 26, 2026 at 3:59 am",N/A,"27.11 ""Hg (24.81 ""Hg at 769m altitude)",32%,42 °F,2026-08-26T01:42:04+00:00
Salt Lake City,usa,https://www.timeanddate.com/weather/usa/salt-lake-city,92 °F,Scattered clouds.,89 °F,95 / 72 °F,5 mph ↑ from North,Salt Lake City International Airport,"Aug 25, 2026 at 7:49:43 pm","Aug 25, 2026 at 6:54 pm",10 mi,"29.93 ""Hg (25.86 ""Hg at 1312m altitude)",22%,48 °F,2026-08-26T01:42:04+00:00
Bangkok,thailand,https://www.timeanddate.com/weather/thailand/bangkok,82 °F,Scattered clouds.,88 °F,91 / 81 °F,12 mph ↑ from Southwest,Don Muang Airport,"Aug 26, 2026 at 8:49:52 am","Aug 26, 2026 at 8:00 am",N/A,"29.80 ""Hg",74%,73 °F,2026-08-26T01:42:04+00:00
Johannesburg,south-africa,https://www.timeanddate.com/weather/south-africa/johannesburg,58 °F,Clear.,57 °F,68 / 48 °F,7 mph ↑ from West,O.R. Tambo International Airport,"Aug 26, 2026 at 3:50:01 am","Aug 26, 2026 at 2:00 am",25 mi,N/A,25%,22 °F,2026-08-26T01:42:04+00:00
